[
{
    "model": "vinyl.artist",
    "pk": 82,
    "fields": {
        "name": "The Beatles",
        "country": ""
    }
},
{
    "model": "vinyl.artist",
    "pk": 83,
    "fields": {
        "name": "Pink Floyd",
        "country": "England"
    }
},
{
    "model": "vinyl.artist",
    "pk": 84,
    "fields": {
        "name": "Michael Jackson",
        "country": ""
    }
},
{
    "model": "vinyl.artist",
    "pk": 85,
    "fields": {
        "name": "AC/DC",
        "country": "Australia"
    }
},
{
    "model": "vinyl.artist",
    "pk": 86,
    "fields": {
        "name": "Fleetwood Mac",
        "country": ""
    }
},
{
    "model": "vinyl.artist",
    "pk": 87,
    "fields": {
        "name": "Nirvana",
        "country": ""
    }
},
{
    "model": "vinyl.artist",
    "pk": 88,
    "fields": {
        "name": "Eagles",
        "country": ""
    }
},
{
    "model": "vinyl.artist",
    "pk": 89,
    "fields": {
        "name": "Adele",
        "country": ""
    }
},
{
    "model": "vinyl.artist",
    "pk": 90,
    "fields": {
        "name": "Radiohead",
        "country": ""
    }
},
{
    "model": "vinyl.artist",
    "pk": 91,
    "fields": {
        "name": "Bruce Springsteen",
        "country": ""
    }
},
{
    "model": "vinyl.artist",
    "pk": 92,
    "fields": {
        "name": "Led Zeppelin",
        "country": "England"
    }
},
{
    "model": "vinyl.artist",
    "pk": 93,
    "fields": {
        "name": "Prince",
        "country": ""
    }
},
{
    "model": "vinyl.artist",
    "pk": 94,
    "fields": {
        "name": "Guns N' Roses",
        "country": ""
    }
},
{
    "model": "vinyl.artist",
    "pk": 95,
    "fields": {
        "name": "Taylor Swift",
        "country": ""
    }
},
{
    "model": "vinyl.artist",
    "pk": 96,
    "fields": {
        "name": "Kendrick Lamar",
        "country": ""
    }
},
{
    "model": "vinyl.artist",
    "pk": 97,
    "fields": {
        "name": "Linkin Park",
        "country": ""
    }
},
{
    "model": "vinyl.artist",
    "pk": 98,
    "fields": {
        "name": "Green Day",
        "country": "United States"
    }
},
{
    "model": "vinyl.artist",
    "pk": 99,
    "fields": {
        "name": "Red Hot Chili Peppers",
        "country": ""
    }
},
{
    "model": "vinyl.artist",
    "pk": 100,
    "fields": {
        "name": "Metallica",
        "country": ""
    }
},
{
    "model": "vinyl.artist",
    "pk": 101,
    "fields": {
        "name": "Coldplay",
        "country": ""
    }
},
{
    "model": "vinyl.artist",
    "pk": 102,
    "fields": {
        "name": "Daft Punk",
        "country": ""
    }
},
{
    "model": "vinyl.artist",
    "pk": 103,
    "fields": {
        "name": "Eminem",
        "country": ""
    }
},
{
    "model": "vinyl.artist",
    "pk": 104,
    "fields": {
        "name": "Van Halen",
        "country": ""
    }
},
{
    "model": "vinyl.artist",
    "pk": 105,
    "fields": {
        "name": "Pearl Jam",
        "country": ""
    }
},
{
    "model": "vinyl.artist",
    "pk": 106,
    "fields": {
        "name": "Soundgarden",
        "country": ""
    }
},
{
    "model": "vinyl.artist",
    "pk": 107,
    "fields": {
        "name": "Stone Temple Pilots",
        "country": ""
    }
},
{
    "model": "vinyl.artist",
    "pk": 108,
    "fields": {
        "name": "Muse",
        "country": ""
    }
},
{
    "model": "vinyl.artist",
    "pk": 109,
    "fields": {
        "name": "Arctic Monkeys",
        "country": ""
    }
},
{
    "model": "vinyl.artist",
    "pk": 110,
    "fields": {
        "name": "The Strokes",
        "country": ""
    }
},
{
    "model": "vinyl.artist",
    "pk": 111,
    "fields": {
        "name": "John Mayer",
        "country": ""
    }
},
{
    "model": "vinyl.artist",
    "pk": 112,
    "fields": {
        "name": "Ed Sheeran",
        "country": ""
    }
},
{
    "model": "vinyl.artist",
    "pk": 113,
    "fields": {
        "name": "The Weeknd",
        "country": ""
    }
},
{
    "model": "vinyl.artist",
    "pk": 114,
    "fields": {
        "name": "Dua Lipa",
        "country": ""
    }
},
{
    "model": "vinyl.artist",
    "pk": 115,
    "fields": {
        "name": "Harry Styles",
        "country": ""
    }
},
{
    "model": "vinyl.artist",
    "pk": 116,
    "fields": {
        "name": "Billie Eilish",
        "country": ""
    }
},
{
    "model": "vinyl.artist",
    "pk": 117,
    "fields": {
        "name": "Olivia Rodrigo",
        "country": ""
    }
},
{
    "model": "vinyl.artist",
    "pk": 118,
    "fields": {
        "name": "Tool",
        "country": ""
    }
},
{
    "model": "vinyl.artist",
    "pk": 119,
    "fields": {
        "name": "Foo Fighters",
        "country": ""
    }
},
{
    "model": "vinyl.artist",
    "pk": 120,
    "fields": {
        "name": "The Clash",
        "country": ""
    }
},
{
    "model": "vinyl.artist",
    "pk": 121,
    "fields": {
        "name": "David Bowie",
        "country": ""
    }
},
{
    "model": "vinyl.artist",
    "pk": 122,
    "fields": {
        "name": "Frank Ocean",
        "country": ""
    }
},
{
    "model": "vinyl.artist",
    "pk": 123,
    "fields": {
        "name": "Beyoncé",
        "country": ""
    }
},
{
    "model": "vinyl.artist",
    "pk": 124,
    "fields": {
        "name": "Madonna",
        "country": ""
    }
},
{
    "model": "vinyl.artist",
    "pk": 125,
    "fields": {
        "name": "Kanye West",
        "country": ""
    }
},
{
    "model": "vinyl.artist",
    "pk": 126,
    "fields": {
        "name": "John Coltrane",
        "country": ""
    }
},
{
    "model": "vinyl.artist",
    "pk": 127,
    "fields": {
        "name": "Miles Davis",
        "country": ""
    }
},
{
    "model": "vinyl.artist",
    "pk": 128,
    "fields": {
        "name": "Joni Mitchell",
        "country": ""
    }
},
{
    "model": "vinyl.artist",
    "pk": 129,
    "fields": {
        "name": "The Pogues",
        "country": ""
    }
},
{
    "model": "vinyl.artist",
    "pk": 130,
    "fields": {
        "name": "Black Sabbath",
        "country": ""
    }
},
{
    "model": "vinyl.artist",
    "pk": 131,
    "fields": {
        "name": "U2",
        "country": ""
    }
},
{
    "model": "vinyl.artist",
    "pk": 132,
    "fields": {
        "name": "Gorillaz",
        "country": ""
    }
},
{
    "model": "vinyl.artist",
    "pk": 133,
    "fields": {
        "name": "Blur",
        "country": ""
    }
},
{
    "model": "vinyl.artist",
    "pk": 134,
    "fields": {
        "name": "The Verve",
        "country": ""
    }
},
{
    "model": "vinyl.artist",
    "pk": 135,
    "fields": {
        "name": "R.E.M.",
        "country": ""
    }
},
{
    "model": "vinyl.artist",
    "pk": 136,
    "fields": {
        "name": "The Killers",
        "country": ""
    }
},
{
    "model": "vinyl.artist",
    "pk": 137,
    "fields": {
        "name": "Tame Impala",
        "country": ""
    }
},
{
    "model": "vinyl.artist",
    "pk": 138,
    "fields": {
        "name": "Elton John",
        "country": ""
    }
},
{
    "model": "vinyl.artist",
    "pk": 139,
    "fields": {
        "name": "Stevie Wonder",
        "country": ""
    }
},
{
    "model": "vinyl.artist",
    "pk": 140,
    "fields": {
        "name": "Alice in Chains",
        "country": ""
    }
},
{
    "model": "vinyl.artist",
    "pk": 141,
    "fields": {
        "name": "Depeche Mode",
        "country": ""
    }
},
{
    "model": "vinyl.artist",
    "pk": 142,
    "fields": {
        "name": "Nine Inch Nails",
        "country": ""
    }
},
{
    "model": "vinyl.artist",
    "pk": 143,
    "fields": {
        "name": "Oasis",
        "country": ""
    }
},
{
    "model": "vinyl.artist",
    "pk": 144,
    "fields": {
        "name": "The Smiths",
        "country": ""
    }
},
{
    "model": "vinyl.artist",
    "pk": 145,
    "fields": {
        "name": "Joy Division",
        "country": ""
    }
},
{
    "model": "vinyl.artist",
    "pk": 146,
    "fields": {
        "name": "Queen",
        "country": ""
    }
},
{
    "model": "vinyl.artist",
    "pk": 147,
    "fields": {
        "name": "Bob Dylan",
        "country": ""
    }
},
{
    "model": "vinyl.artist",
    "pk": 148,
    "fields": {
        "name": "Elvis Presley",
        "country": ""
    }
},
{
    "model": "vinyl.artist",
    "pk": 149,
    "fields": {
        "name": "The Rolling Stones",
        "country": ""
    }
},
{
    "model": "vinyl.artist",
    "pk": 150,
    "fields": {
        "name": "Sting",
        "country": ""
    }
},
{
    "model": "vinyl.artist",
    "pk": 151,
    "fields": {
        "name": "Alanis Morissette",
        "country": ""
    }
},
{
    "model": "vinyl.artist",
    "pk": 152,
    "fields": {
        "name": "Amy Winehouse",
        "country": ""
    }
},
{
    "model": "vinyl.artist",
    "pk": 153,
    "fields": {
        "name": "Олександр Пономарьов",
        "country": "Україна"
    }
},
{
    "model": "vinyl.genre",
    "pk": 52,
    "fields": {
        "name": "Rock"
    }
},
{
    "model": "vinyl.genre",
    "pk": 53,
    "fields": {
        "name": "Progressive Rock"
    }
},
{
    "model": "vinyl.genre",
    "pk": 54,
    "fields": {
        "name": "Pop"
    }
},
{
    "model": "vinyl.genre",
    "pk": 55,
    "fields": {
        "name": "Hard Rock"
    }
},
{
    "model": "vinyl.genre",
    "pk": 56,
    "fields": {
        "name": "Grunge"
    }
},
{
    "model": "vinyl.genre",
    "pk": 57,
    "fields": {
        "name": "Alternative Rock"
    }
},
{
    "model": "vinyl.genre",
    "pk": 58,
    "fields": {
        "name": "Country Pop"
    }
},
{
    "model": "vinyl.genre",
    "pk": 59,
    "fields": {
        "name": "Hip-Hop"
    }
},
{
    "model": "vinyl.genre",
    "pk": 60,
    "fields": {
        "name": "Nu Metal"
    }
},
{
    "model": "vinyl.genre",
    "pk": 61,
    "fields": {
        "name": "Punk Rock"
    }
},
{
    "model": "vinyl.genre",
    "pk": 62,
    "fields": {
        "name": "Thrash Metal"
    }
},
{
    "model": "vinyl.genre",
    "pk": 63,
    "fields": {
        "name": "Heavy Metal"
    }
},
{
    "model": "vinyl.genre",
    "pk": 64,
    "fields": {
        "name": "Electronic"
    }
},
{
    "model": "vinyl.genre",
    "pk": 65,
    "fields": {
        "name": "Indie Rock"
    }
},
{
    "model": "vinyl.genre",
    "pk": 66,
    "fields": {
        "name": "Blues Rock"
    }
},
{
    "model": "vinyl.genre",
    "pk": 67,
    "fields": {
        "name": "Pop Rock"
    }
},
{
    "model": "vinyl.genre",
    "pk": 68,
    "fields": {
        "name": "Folk Rock"
    }
},
{
    "model": "vinyl.genre",
    "pk": 69,
    "fields": {
        "name": "R&B"
    }
},
{
    "model": "vinyl.genre",
    "pk": 70,
    "fields": {
        "name": "Alternative Metal"
    }
},
{
    "model": "vinyl.genre",
    "pk": 71,
    "fields": {
        "name": "Glam Rock"
    }
},
{
    "model": "vinyl.genre",
    "pk": 72,
    "fields": {
        "name": "Art Rock"
    }
},
{
    "model": "vinyl.genre",
    "pk": 73,
    "fields": {
        "name": "Jazz"
    }
},
{
    "model": "vinyl.genre",
    "pk": 74,
    "fields": {
        "name": "Folk"
    }
},
{
    "model": "vinyl.genre",
    "pk": 75,
    "fields": {
        "name": "Folk Punk"
    }
},
{
    "model": "vinyl.genre",
    "pk": 76,
    "fields": {
        "name": "Britpop"
    }
},
{
    "model": "vinyl.genre",
    "pk": 77,
    "fields": {
        "name": "Psychedelic Pop"
    }
},
{
    "model": "vinyl.genre",
    "pk": 78,
    "fields": {
        "name": "Psychedelic Rock"
    }
},
{
    "model": "vinyl.genre",
    "pk": 79,
    "fields": {
        "name": "Soul"
    }
},
{
    "model": "vinyl.genre",
    "pk": 80,
    "fields": {
        "name": "Synthpop"
    }
},
{
    "model": "vinyl.genre",
    "pk": 81,
    "fields": {
        "name": "Industrial Rock"
    }
},
{
    "model": "vinyl.genre",
    "pk": 82,
    "fields": {
        "name": "Post-Punk"
    }
},
{
    "model": "vinyl.genre",
    "pk": 83,
    "fields": {
        "name": "Funk"
    }
},
{
    "model": "vinyl.genre",
    "pk": 84,
    "fields": {
        "name": "Rock and Roll"
    }
},
{
    "model": "vinyl.album",
    "pk": 1,
    "fields": {
        "title": "Abbey Road",
        "artist": 82,
        "year": 1969,
        "created_by": null,
        "created_at": "2026-05-25T14:50:50.047Z",
        "cover": "",
        "genres": [
            52
        ]
    }
},
{
    "model": "vinyl.album",
    "pk": 2,
    "fields": {
        "title": "The Dark Side of the Moon",
        "artist": 83,
        "year": 1973,
        "created_by": null,
        "created_at": "2026-05-25T14:50:50.051Z",
        "cover": "",
        "genres": [
            53
        ]
    }
},
{
    "model": "vinyl.album",
    "pk": 3,
    "fields": {
        "title": "Thriller",
        "artist": 84,
        "year": 1982,
        "created_by": null,
        "created_at": "2026-05-25T14:50:50.055Z",
        "cover": "",
        "genres": [
            83,
            54,
            69,
            52
        ]
    }
},
{
    "model": "vinyl.album",
    "pk": 4,
    "fields": {
        "title": "Back in Black",
        "artist": 85,
        "year": 1980,
        "created_by": null,
        "created_at": "2026-05-25T14:50:50.061Z",
        "cover": "",
        "genres": [
            55,
            63
        ]
    }
},
{
    "model": "vinyl.album",
    "pk": 5,
    "fields": {
        "title": "Rumours",
        "artist": 86,
        "year": 1977,
        "created_by": null,
        "created_at": "2026-05-25T14:50:50.067Z",
        "cover": "",
        "genres": [
            67,
            52
        ]
    }
},
{
    "model": "vinyl.album",
    "pk": 6,
    "fields": {
        "title": "Nevermind",
        "artist": 87,
        "year": 1991,
        "created_by": null,
        "created_at": "2026-05-25T14:50:50.070Z",
        "cover": "",
        "genres": [
            57,
            56
        ]
    }
},
{
    "model": "vinyl.album",
    "pk": 7,
    "fields": {
        "title": "Hotel California",
        "artist": 88,
        "year": 1976,
        "created_by": null,
        "created_at": "2026-05-25T14:50:50.074Z",
        "cover": "",
        "genres": [
            52
        ]
    }
},
{
    "model": "vinyl.album",
    "pk": 8,
    "fields": {
        "title": "21",
        "artist": 89,
        "year": 2011,
        "created_by": null,
        "created_at": "2026-05-25T14:50:50.077Z",
        "cover": "",
        "genres": [
            54
        ]
    }
},
{
    "model": "vinyl.album",
    "pk": 9,
    "fields": {
        "title": "OK Computer",
        "artist": 90,
        "year": 1997,
        "created_by": null,
        "created_at": "2026-05-25T14:50:50.081Z",
        "cover": "",
        "genres": [
            57
        ]
    }
},
{
    "model": "vinyl.album",
    "pk": 10,
    "fields": {
        "title": "Born to Run",
        "artist": 91,
        "year": 1975,
        "created_by": null,
        "created_at": "2026-05-25T14:50:50.084Z",
        "cover": "",
        "genres": [
            52
        ]
    }
},
{
    "model": "vinyl.album",
    "pk": 11,
    "fields": {
        "title": "Led Zeppelin IV",
        "artist": 92,
        "year": 1971,
        "created_by": null,
        "created_at": "2026-05-25T14:50:50.088Z",
        "cover": "",
        "genres": [
            55
        ]
    }
},
{
    "model": "vinyl.album",
    "pk": 12,
    "fields": {
        "title": "Purple Rain",
        "artist": 93,
        "year": 1984,
        "created_by": null,
        "created_at": "2026-05-25T14:50:50.091Z",
        "cover": "",
        "genres": [
            54
        ]
    }
},
{
    "model": "vinyl.album",
    "pk": 13,
    "fields": {
        "title": "Bad",
        "artist": 84,
        "year": 1987,
        "created_by": null,
        "created_at": "2026-05-25T14:50:50.095Z",
        "cover": "",
        "genres": [
            54
        ]
    }
},
{
    "model": "vinyl.album",
    "pk": 14,
    "fields": {
        "title": "The Wall",
        "artist": 83,
        "year": 1979,
        "created_by": null,
        "created_at": "2026-05-25T14:50:50.098Z",
        "cover": "",
        "genres": [
            53
        ]
    }
},
{
    "model": "vinyl.album",
    "pk": 15,
    "fields": {
        "title": "Appetite for Destruction",
        "artist": 94,
        "year": 1987,
        "created_by": null,
        "created_at": "2026-05-25T14:50:50.102Z",
        "cover": "",
        "genres": [
            55
        ]
    }
},
{
    "model": "vinyl.album",
    "pk": 16,
    "fields": {
        "title": "1989",
        "artist": 95,
        "year": 2014,
        "created_by": null,
        "created_at": "2026-05-25T14:50:50.105Z",
        "cover": "",
        "genres": [
            54
        ]
    }
},
{
    "model": "vinyl.album",
    "pk": 17,
    "fields": {
        "title": "Fearless",
        "artist": 95,
        "year": 2008,
        "created_by": null,
        "created_at": "2026-05-25T14:50:50.108Z",
        "cover": "",
        "genres": [
            58
        ]
    }
},
{
    "model": "vinyl.album",
    "pk": 18,
    "fields": {
        "title": "DAMN.",
        "artist": 96,
        "year": 2017,
        "created_by": null,
        "created_at": "2026-05-25T14:50:50.112Z",
        "cover": "",
        "genres": [
            59
        ]
    }
},
{
    "model": "vinyl.album",
    "pk": 19,
    "fields": {
        "title": "To Pimp a Butterfly",
        "artist": 96,
        "year": 2015,
        "created_by": null,
        "created_at": "2026-05-25T14:50:50.115Z",
        "cover": "",
        "genres": [
            59
        ]
    }
},
{
    "model": "vinyl.album",
    "pk": 20,
    "fields": {
        "title": "Good Kid, M.A.A.D City",
        "artist": 96,
        "year": 2012,
        "created_by": null,
        "created_at": "2026-05-25T14:50:50.118Z",
        "cover": "albums/20.jpg",
        "genres": [
            59
        ]
    }
},
{
    "model": "vinyl.album",
    "pk": 21,
    "fields": {
        "title": "Hybrid Theory",
        "artist": 97,
        "year": 2000,
        "created_by": null,
        "created_at": "2026-05-25T14:50:50.122Z",
        "cover": "",
        "genres": [
            60
        ]
    }
},
{
    "model": "vinyl.album",
    "pk": 22,
    "fields": {
        "title": "Meteora",
        "artist": 97,
        "year": 2003,
        "created_by": null,
        "created_at": "2026-05-25T14:50:50.125Z",
        "cover": "",
        "genres": [
            60
        ]
    }
},
{
    "model": "vinyl.album",
    "pk": 23,
    "fields": {
        "title": "American Idiot",
        "artist": 98,
        "year": 2004,
        "created_by": null,
        "created_at": "2026-05-25T14:50:50.128Z",
        "cover": "",
        "genres": [
            61
        ]
    }
},
{
    "model": "vinyl.album",
    "pk": 24,
    "fields": {
        "title": "Dookie",
        "artist": 98,
        "year": 1994,
        "created_by": null,
        "created_at": "2026-05-25T14:50:50.132Z",
        "cover": "",
        "genres": [
            61
        ]
    }
},
{
    "model": "vinyl.album",
    "pk": 25,
    "fields": {
        "title": "Californication",
        "artist": 99,
        "year": 1999,
        "created_by": null,
        "created_at": "2026-05-25T14:50:50.138Z",
        "cover": "",
        "genres": [
            57
        ]
    }
},
{
    "model": "vinyl.album",
    "pk": 26,
    "fields": {
        "title": "By the Way",
        "artist": 99,
        "year": 2002,
        "created_by": null,
        "created_at": "2026-05-25T14:50:50.143Z",
        "cover": "",
        "genres": [
            57
        ]
    }
},
{
    "model": "vinyl.album",
    "pk": 27,
    "fields": {
        "title": "Stadium Arcadium",
        "artist": 99,
        "year": 2006,
        "created_by": null,
        "created_at": "2026-05-25T14:50:50.146Z",
        "cover": "",
        "genres": [
            57
        ]
    }
},
{
    "model": "vinyl.album",
    "pk": 28,
    "fields": {
        "title": "Master of Puppets",
        "artist": 100,
        "year": 1986,
        "created_by": null,
        "created_at": "2026-05-25T14:50:50.150Z",
        "cover": "",
        "genres": [
            62
        ]
    }
},
{
    "model": "vinyl.album",
    "pk": 29,
    "fields": {
        "title": "Ride the Lightning",
        "artist": 100,
        "year": 1984,
        "created_by": null,
        "created_at": "2026-05-25T14:50:50.153Z",
        "cover": "",
        "genres": [
            62
        ]
    }
},
{
    "model": "vinyl.album",
    "pk": 30,
    "fields": {
        "title": "Metallica",
        "artist": 100,
        "year": 1991,
        "created_by": null,
        "created_at": "2026-05-25T14:50:50.156Z",
        "cover": "",
        "genres": [
            63
        ]
    }
},
{
    "model": "vinyl.album",
    "pk": 31,
    "fields": {
        "title": "Parachutes",
        "artist": 101,
        "year": 2000,
        "created_by": null,
        "created_at": "2026-05-25T14:50:50.160Z",
        "cover": "",
        "genres": [
            57
        ]
    }
},
{
    "model": "vinyl.album",
    "pk": 32,
    "fields": {
        "title": "A Rush of Blood to the Head",
        "artist": 101,
        "year": 2002,
        "created_by": null,
        "created_at": "2026-05-25T14:50:50.163Z",
        "cover": "",
        "genres": [
            57
        ]
    }
},
{
    "model": "vinyl.album",
    "pk": 33,
    "fields": {
        "title": "X&Y",
        "artist": 101,
        "year": 2005,
        "created_by": null,
        "created_at": "2026-05-25T14:50:50.167Z",
        "cover": "",
        "genres": [
            57
        ]
    }
},
{
    "model": "vinyl.album",
    "pk": 34,
    "fields": {
        "title": "Random Access Memories",
        "artist": 102,
        "year": 2013,
        "created_by": null,
        "created_at": "2026-05-25T14:50:50.170Z",
        "cover": "",
        "genres": [
            64
        ]
    }
},
{
    "model": "vinyl.album",
    "pk": 35,
    "fields": {
        "title": "Discovery",
        "artist": 102,
        "year": 2001,
        "created_by": null,
        "created_at": "2026-05-25T14:50:50.173Z",
        "cover": "",
        "genres": [
            64
        ]
    }
},
{
    "model": "vinyl.album",
    "pk": 36,
    "fields": {
        "title": "Homework",
        "artist": 102,
        "year": 1997,
        "created_by": null,
        "created_at": "2026-05-25T14:50:50.177Z",
        "cover": "",
        "genres": [
            64
        ]
    }
},
{
    "model": "vinyl.album",
    "pk": 37,
    "fields": {
        "title": "The Eminem Show",
        "artist": 103,
        "year": 2002,
        "created_by": null,
        "created_at": "2026-05-25T14:50:50.181Z",
        "cover": "",
        "genres": [
            59
        ]
    }
},
{
    "model": "vinyl.album",
    "pk": 38,
    "fields": {
        "title": "Recovery",
        "artist": 103,
        "year": 2010,
        "created_by": null,
        "created_at": "2026-05-25T14:50:50.184Z",
        "cover": "",
        "genres": [
            59
        ]
    }
},
{
    "model": "vinyl.album",
    "pk": 39,
    "fields": {
        "title": "Curtain Call",
        "artist": 103,
        "year": 2005,
        "created_by": null,
        "created_at": "2026-05-25T14:50:50.187Z",
        "cover": "",
        "genres": [
            59
        ]
    }
},
{
    "model": "vinyl.album",
    "pk": 40,
    "fields": {
        "title": "1984",
        "artist": 104,
        "year": 1984,
        "created_by": null,
        "created_at": "2026-05-25T14:50:50.191Z",
        "cover": "",
        "genres": [
            55
        ]
    }
},
{
    "model": "vinyl.album",
    "pk": 41,
    "fields": {
        "title": "Ten",
        "artist": 105,
        "year": 1991,
        "created_by": null,
        "created_at": "2026-05-25T14:50:50.194Z",
        "cover": "",
        "genres": [
            56
        ]
    }
},
{
    "model": "vinyl.album",
    "pk": 42,
    "fields": {
        "title": "Vs.",
        "artist": 105,
        "year": 1993,
        "created_by": null,
        "created_at": "2026-05-25T14:50:50.197Z",
        "cover": "",
        "genres": [
            56
        ]
    }
},
{
    "model": "vinyl.album",
    "pk": 43,
    "fields": {
        "title": "Superunknown",
        "artist": 106,
        "year": 1994,
        "created_by": null,
        "created_at": "2026-05-25T14:50:50.201Z",
        "cover": "",
        "genres": [
            56
        ]
    }
},
{
    "model": "vinyl.album",
    "pk": 44,
    "fields": {
        "title": "Core",
        "artist": 107,
        "year": 1992,
        "created_by": null,
        "created_at": "2026-05-25T14:50:50.204Z",
        "cover": "",
        "genres": [
            56
        ]
    }
},
{
    "model": "vinyl.album",
    "pk": 45,
    "fields": {
        "title": "Black Holes and Revelations",
        "artist": 108,
        "year": 2006,
        "created_by": null,
        "created_at": "2026-05-25T14:50:50.208Z",
        "cover": "",
        "genres": [
            57
        ]
    }
},
{
    "model": "vinyl.album",
    "pk": 46,
    "fields": {
        "title": "Origin of Symmetry",
        "artist": 108,
        "year": 2001,
        "created_by": null,
        "created_at": "2026-05-25T14:50:50.214Z",
        "cover": "",
        "genres": [
            57
        ]
    }
},
{
    "model": "vinyl.album",
    "pk": 47,
    "fields": {
        "title": "The Resistance",
        "artist": 108,
        "year": 2009,
        "created_by": null,
        "created_at": "2026-05-25T14:50:50.217Z",
        "cover": "",
        "genres": [
            57
        ]
    }
},
{
    "model": "vinyl.album",
    "pk": 48,
    "fields": {
        "title": "AM",
        "artist": 109,
        "year": 2013,
        "created_by": null,
        "created_at": "2026-05-25T14:50:50.221Z",
        "cover": "",
        "genres": [
            65
        ]
    }
},
{
    "model": "vinyl.album",
    "pk": 49,
    "fields": {
        "title": "Whatever People Say I Am, That's What I'm Not",
        "artist": 109,
        "year": 2006,
        "created_by": null,
        "created_at": "2026-05-25T14:50:50.224Z",
        "cover": "",
        "genres": [
            65
        ]
    }
},
{
    "model": "vinyl.album",
    "pk": 50,
    "fields": {
        "title": "Favourite Worst Nightmare",
        "artist": 109,
        "year": 2007,
        "created_by": null,
        "created_at": "2026-05-25T14:50:50.228Z",
        "cover": "",
        "genres": [
            65
        ]
    }
},
{
    "model": "vinyl.album",
    "pk": 51,
    "fields": {
        "title": "Is This It",
        "artist": 110,
        "year": 2001,
        "created_by": null,
        "created_at": "2026-05-25T14:50:50.231Z",
        "cover": "",
        "genres": [
            65
        ]
    }
},
{
    "model": "vinyl.album",
    "pk": 52,
    "fields": {
        "title": "Room on Fire",
        "artist": 110,
        "year": 2003,
        "created_by": null,
        "created_at": "2026-05-25T14:50:50.235Z",
        "cover": "",
        "genres": [
            65
        ]
    }
},
{
    "model": "vinyl.album",
    "pk": 53,
    "fields": {
        "title": "The New Abnormal",
        "artist": 110,
        "year": 2020,
        "created_by": null,
        "created_at": "2026-05-25T14:50:50.238Z",
        "cover": "",
        "genres": [
            65
        ]
    }
},
{
    "model": "vinyl.album",
    "pk": 54,
    "fields": {
        "title": "Continuum",
        "artist": 111,
        "year": 2006,
        "created_by": null,
        "created_at": "2026-05-25T14:50:50.241Z",
        "cover": "",
        "genres": [
            66
        ]
    }
},
{
    "model": "vinyl.album",
    "pk": 55,
    "fields": {
        "title": "Battle Studies",
        "artist": 111,
        "year": 2009,
        "created_by": null,
        "created_at": "2026-05-25T14:50:50.245Z",
        "cover": "",
        "genres": [
            67
        ]
    }
},
{
    "model": "vinyl.album",
    "pk": 56,
    "fields": {
        "title": "Born and Raised",
        "artist": 111,
        "year": 2012,
        "created_by": null,
        "created_at": "2026-05-25T14:50:50.248Z",
        "cover": "",
        "genres": [
            68
        ]
    }
},
{
    "model": "vinyl.album",
    "pk": 57,
    "fields": {
        "title": "25",
        "artist": 89,
        "year": 2015,
        "created_by": null,
        "created_at": "2026-05-25T14:50:50.251Z",
        "cover": "",
        "genres": [
            54
        ]
    }
},
{
    "model": "vinyl.album",
    "pk": 58,
    "fields": {
        "title": "30",
        "artist": 89,
        "year": 2021,
        "created_by": null,
        "created_at": "2026-05-25T14:50:50.255Z",
        "cover": "",
        "genres": [
            54
        ]
    }
},
{
    "model": "vinyl.album",
    "pk": 59,
    "fields": {
        "title": "÷ (Divide)",
        "artist": 112,
        "year": 2017,
        "created_by": null,
        "created_at": "2026-05-25T14:50:50.258Z",
        "cover": "",
        "genres": [
            54
        ]
    }
},
{
    "model": "vinyl.album",
    "pk": 60,
    "fields": {
        "title": "x (Multiply)",
        "artist": 112,
        "year": 2014,
        "created_by": null,
        "created_at": "2026-05-25T14:50:50.262Z",
        "cover": "",
        "genres": [
            54
        ]
    }
},
{
    "model": "vinyl.album",
    "pk": 61,
    "fields": {
        "title": "+",
        "artist": 112,
        "year": 2011,
        "created_by": null,
        "created_at": "2026-05-25T14:50:50.265Z",
        "cover": "",
        "genres": [
            54
        ]
    }
},
{
    "model": "vinyl.album",
    "pk": 62,
    "fields": {
        "title": "After Hours",
        "artist": 113,
        "year": 2020,
        "created_by": null,
        "created_at": "2026-05-25T14:50:50.268Z",
        "cover": "",
        "genres": [
            69
        ]
    }
},
{
    "model": "vinyl.album",
    "pk": 63,
    "fields": {
        "title": "Starboy",
        "artist": 113,
        "year": 2016,
        "created_by": null,
        "created_at": "2026-05-25T14:50:50.272Z",
        "cover": "",
        "genres": [
            69
        ]
    }
},
{
    "model": "vinyl.album",
    "pk": 64,
    "fields": {
        "title": "Beauty Behind the Madness",
        "artist": 113,
        "year": 2015,
        "created_by": null,
        "created_at": "2026-05-25T14:50:50.275Z",
        "cover": "",
        "genres": [
            69
        ]
    }
},
{
    "model": "vinyl.album",
    "pk": 65,
    "fields": {
        "title": "Future Nostalgia",
        "artist": 114,
        "year": 2020,
        "created_by": null,
        "created_at": "2026-05-25T14:50:50.279Z",
        "cover": "",
        "genres": [
            54
        ]
    }
},
{
    "model": "vinyl.album",
    "pk": 66,
    "fields": {
        "title": "Harry's House",
        "artist": 115,
        "year": 2022,
        "created_by": null,
        "created_at": "2026-05-25T14:50:50.284Z",
        "cover": "",
        "genres": [
            54
        ]
    }
},
{
    "model": "vinyl.album",
    "pk": 67,
    "fields": {
        "title": "Fine Line",
        "artist": 115,
        "year": 2019,
        "created_by": null,
        "created_at": "2026-05-25T14:50:50.289Z",
        "cover": "",
        "genres": [
            54
        ]
    }
},
{
    "model": "vinyl.album",
    "pk": 68,
    "fields": {
        "title": "When We All Fall Asleep, Where Do We Go?",
        "artist": 116,
        "year": 2019,
        "created_by": null,
        "created_at": "2026-05-25T14:50:50.293Z",
        "cover": "",
        "genres": [
            54
        ]
    }
},
{
    "model": "vinyl.album",
    "pk": 69,
    "fields": {
        "title": "Happier Than Ever",
        "artist": 116,
        "year": 2021,
        "created_by": null,
        "created_at": "2026-05-25T14:50:50.296Z",
        "cover": "",
        "genres": [
            54
        ]
    }
},
{
    "model": "vinyl.album",
    "pk": 70,
    "fields": {
        "title": "SOUR",
        "artist": 117,
        "year": 2021,
        "created_by": null,
        "created_at": "2026-05-25T14:50:50.299Z",
        "cover": "",
        "genres": [
            54
        ]
    }
},
{
    "model": "vinyl.album",
    "pk": 71,
    "fields": {
        "title": "Sgt. Pepper's Lonely Hearts Club Band",
        "artist": 82,
        "year": 1967,
        "created_by": null,
        "created_at": "2026-05-25T14:50:50.303Z",
        "cover": "",
        "genres": [
            52
        ]
    }
},
{
    "model": "vinyl.album",
    "pk": 72,
    "fields": {
        "title": "Revolver",
        "artist": 82,
        "year": 1966,
        "created_by": null,
        "created_at": "2026-05-25T14:50:50.306Z",
        "cover": "",
        "genres": [
            52
        ]
    }
},
{
    "model": "vinyl.album",
    "pk": 73,
    "fields": {
        "title": "Let It Be",
        "artist": 82,
        "year": 1970,
        "created_by": null,
        "created_at": "2026-05-25T14:50:50.309Z",
        "cover": "",
        "genres": [
            52
        ]
    }
},
{
    "model": "vinyl.album",
    "pk": 74,
    "fields": {
        "title": "Wish You Were Here",
        "artist": 83,
        "year": 1975,
        "created_by": null,
        "created_at": "2026-05-25T14:50:50.313Z",
        "cover": "",
        "genres": [
            53
        ]
    }
},
{
    "model": "vinyl.album",
    "pk": 75,
    "fields": {
        "title": "Animals",
        "artist": 83,
        "year": 1977,
        "created_by": null,
        "created_at": "2026-05-25T14:50:50.316Z",
        "cover": "",
        "genres": [
            53
        ]
    }
},
{
    "model": "vinyl.album",
    "pk": 76,
    "fields": {
        "title": "Lateralus",
        "artist": 118,
        "year": 2001,
        "created_by": null,
        "created_at": "2026-05-25T14:50:50.319Z",
        "cover": "",
        "genres": [
            70
        ]
    }
},
{
    "model": "vinyl.album",
    "pk": 77,
    "fields": {
        "title": "10,000 Days",
        "artist": 118,
        "year": 2006,
        "created_by": null,
        "created_at": "2026-05-25T14:50:50.323Z",
        "cover": "",
        "genres": [
            70
        ]
    }
},
{
    "model": "vinyl.album",
    "pk": 78,
    "fields": {
        "title": "Kid A",
        "artist": 90,
        "year": 2000,
        "created_by": null,
        "created_at": "2026-05-25T14:50:50.326Z",
        "cover": "",
        "genres": [
            57
        ]
    }
},
{
    "model": "vinyl.album",
    "pk": 79,
    "fields": {
        "title": "The Bends",
        "artist": 90,
        "year": 1995,
        "created_by": null,
        "created_at": "2026-05-25T14:50:50.330Z",
        "cover": "",
        "genres": [
            57
        ]
    }
},
{
    "model": "vinyl.album",
    "pk": 80,
    "fields": {
        "title": "In Utero",
        "artist": 87,
        "year": 1993,
        "created_by": null,
        "created_at": "2026-05-25T14:50:50.333Z",
        "cover": "",
        "genres": [
            56
        ]
    }
},
{
    "model": "vinyl.album",
    "pk": 81,
    "fields": {
        "title": "Bleach",
        "artist": 87,
        "year": 1989,
        "created_by": null,
        "created_at": "2026-05-25T14:50:50.336Z",
        "cover": "",
        "genres": [
            56
        ]
    }
},
{
    "model": "vinyl.album",
    "pk": 82,
    "fields": {
        "title": "The Colour and the Shape",
        "artist": 119,
        "year": 1997,
        "created_by": null,
        "created_at": "2026-05-25T14:50:50.340Z",
        "cover": "",
        "genres": [
            57
        ]
    }
},
{
    "model": "vinyl.album",
    "pk": 83,
    "fields": {
        "title": "Wasting Light",
        "artist": 119,
        "year": 2011,
        "created_by": null,
        "created_at": "2026-05-25T14:50:50.343Z",
        "cover": "",
        "genres": [
            57
        ]
    }
},
{
    "model": "vinyl.album",
    "pk": 84,
    "fields": {
        "title": "London Calling",
        "artist": 120,
        "year": 1979,
        "created_by": null,
        "created_at": "2026-05-25T14:50:50.346Z",
        "cover": "",
        "genres": [
            61
        ]
    }
},
{
    "model": "vinyl.album",
    "pk": 85,
    "fields": {
        "title": "The Clash",
        "artist": 120,
        "year": 1977,
        "created_by": null,
        "created_at": "2026-05-25T14:50:50.349Z",
        "cover": "",
        "genres": [
            61
        ]
    }
},
{
    "model": "vinyl.album",
    "pk": 86,
    "fields": {
        "title": "The Rise and Fall of Ziggy Stardust",
        "artist": 121,
        "year": 1972,
        "created_by": null,
        "created_at": "2026-05-25T14:50:50.353Z",
        "cover": "",
        "genres": [
            71
        ]
    }
},
{
    "model": "vinyl.album",
    "pk": 87,
    "fields": {
        "title": "Heroes",
        "artist": 121,
        "year": 1977,
        "created_by": null,
        "created_at": "2026-05-25T14:50:50.359Z",
        "cover": "",
        "genres": [
            72
        ]
    }
},
{
    "model": "vinyl.album",
    "pk": 88,
    "fields": {
        "title": "Low",
        "artist": 121,
        "year": 1977,
        "created_by": null,
        "created_at": "2026-05-25T14:50:50.363Z",
        "cover": "",
        "genres": [
            72
        ]
    }
},
{
    "model": "vinyl.album",
    "pk": 89,
    "fields": {
        "title": "Let's Dance",
        "artist": 121,
        "year": 1983,
        "created_by": null,
        "created_at": "2026-05-25T14:50:50.366Z",
        "cover": "",
        "genres": [
            67
        ]
    }
},
{
    "model": "vinyl.album",
    "pk": 90,
    "fields": {
        "title": "Hunky Dory",
        "artist": 121,
        "year": 1971,
        "created_by": null,
        "created_at": "2026-05-25T14:50:50.370Z",
        "cover": "",
        "genres": [
            72
        ]
    }
},
{
    "model": "vinyl.album",
    "pk": 91,
    "fields": {
        "title": "Blonde",
        "artist": 122,
        "year": 2016,
        "created_by": null,
        "created_at": "2026-05-25T14:50:50.373Z",
        "cover": "",
        "genres": [
            69
        ]
    }
},
{
    "model": "vinyl.album",
    "pk": 92,
    "fields": {
        "title": "Channel Orange",
        "artist": 122,
        "year": 2012,
        "created_by": null,
        "created_at": "2026-05-25T14:50:50.376Z",
        "cover": "",
        "genres": [
            69
        ]
    }
},
{
    "model": "vinyl.album",
    "pk": 93,
    "fields": {
        "title": "Lemonade",
        "artist": 123,
        "year": 2016,
        "created_by": null,
        "created_at": "2026-05-25T14:50:50.380Z",
        "cover": "",
        "genres": [
            69
        ]
    }
},
{
    "model": "vinyl.album",
    "pk": 94,
    "fields": {
        "title": "Ray of Light",
        "artist": 124,
        "year": 1998,
        "created_by": null,
        "created_at": "2026-05-25T14:50:50.384Z",
        "cover": "",
        "genres": [
            54
        ]
    }
},
{
    "model": "vinyl.album",
    "pk": 95,
    "fields": {
        "title": "Like a Prayer",
        "artist": 124,
        "year": 1989,
        "created_by": null,
        "created_at": "2026-05-25T14:50:50.387Z",
        "cover": "",
        "genres": [
            54
        ]
    }
},
{
    "model": "vinyl.album",
    "pk": 96,
    "fields": {
        "title": "The Marshall Mathers LP",
        "artist": 103,
        "year": 2000,
        "created_by": null,
        "created_at": "2026-05-25T14:50:50.391Z",
        "cover": "",
        "genres": [
            59
        ]
    }
},
{
    "model": "vinyl.album",
    "pk": 97,
    "fields": {
        "title": "Graduation",
        "artist": 125,
        "year": 2007,
        "created_by": null,
        "created_at": "2026-05-25T14:50:50.394Z",
        "cover": "",
        "genres": [
            59
        ]
    }
},
{
    "model": "vinyl.album",
    "pk": 98,
    "fields": {
        "title": "My Beautiful Dark Twisted Fantasy",
        "artist": 125,
        "year": 2010,
        "created_by": null,
        "created_at": "2026-05-25T14:50:50.397Z",
        "cover": "",
        "genres": [
            59
        ]
    }
},
{
    "model": "vinyl.album",
    "pk": 99,
    "fields": {
        "title": "Late Registration",
        "artist": 125,
        "year": 2005,
        "created_by": null,
        "created_at": "2026-05-25T14:50:50.401Z",
        "cover": "",
        "genres": [
            59
        ]
    }
},
{
    "model": "vinyl.album",
    "pk": 100,
    "fields": {
        "title": "The College Dropout",
        "artist": 125,
        "year": 2004,
        "created_by": null,
        "created_at": "2026-05-25T14:50:50.404Z",
        "cover": "",
        "genres": [
            59
        ]
    }
},
{
    "model": "vinyl.album",
    "pk": 101,
    "fields": {
        "title": "Blue Train",
        "artist": 126,
        "year": 1957,
        "created_by": null,
        "created_at": "2026-05-25T14:50:50.407Z",
        "cover": "",
        "genres": [
            73
        ]
    }
},
{
    "model": "vinyl.album",
    "pk": 102,
    "fields": {
        "title": "Kind of Blue",
        "artist": 127,
        "year": 1959,
        "created_by": null,
        "created_at": "2026-05-25T14:50:50.411Z",
        "cover": "",
        "genres": [
            73
        ]
    }
},
{
    "model": "vinyl.album",
    "pk": 103,
    "fields": {
        "title": "A Love Supreme",
        "artist": 126,
        "year": 1965,
        "created_by": null,
        "created_at": "2026-05-25T14:50:50.414Z",
        "cover": "",
        "genres": [
            73
        ]
    }
},
{
    "model": "vinyl.album",
    "pk": 104,
    "fields": {
        "title": "Blue",
        "artist": 128,
        "year": 1971,
        "created_by": null,
        "created_at": "2026-05-25T14:50:50.417Z",
        "cover": "",
        "genres": [
            74
        ]
    }
},
{
    "model": "vinyl.album",
    "pk": 105,
    "fields": {
        "title": "Rum Sodomy & the Lash",
        "artist": 129,
        "year": 1985,
        "created_by": null,
        "created_at": "2026-05-25T14:50:50.421Z",
        "cover": "",
        "genres": [
            75
        ]
    }
},
{
    "model": "vinyl.album",
    "pk": 106,
    "fields": {
        "title": "Master of Reality",
        "artist": 130,
        "year": 1971,
        "created_by": null,
        "created_at": "2026-05-25T14:50:50.424Z",
        "cover": "",
        "genres": [
            63
        ]
    }
},
{
    "model": "vinyl.album",
    "pk": 107,
    "fields": {
        "title": "Vol. 4",
        "artist": 130,
        "year": 1972,
        "created_by": null,
        "created_at": "2026-05-25T14:50:50.428Z",
        "cover": "",
        "genres": [
            63
        ]
    }
},
{
    "model": "vinyl.album",
    "pk": 108,
    "fields": {
        "title": "Kill 'Em All",
        "artist": 100,
        "year": 1983,
        "created_by": null,
        "created_at": "2026-05-25T14:50:50.434Z",
        "cover": "",
        "genres": [
            62
        ]
    }
},
{
    "model": "vinyl.album",
    "pk": 109,
    "fields": {
        "title": "…And Justice for All",
        "artist": 100,
        "year": 1988,
        "created_by": null,
        "created_at": "2026-05-25T14:50:50.438Z",
        "cover": "",
        "genres": [
            62
        ]
    }
},
{
    "model": "vinyl.album",
    "pk": 110,
    "fields": {
        "title": "Metallica (The Black Album)",
        "artist": 100,
        "year": 1991,
        "created_by": null,
        "created_at": "2026-05-25T14:50:50.441Z",
        "cover": "",
        "genres": [
            63
        ]
    }
},
{
    "model": "vinyl.album",
    "pk": 111,
    "fields": {
        "title": "Load",
        "artist": 100,
        "year": 1996,
        "created_by": null,
        "created_at": "2026-05-25T14:50:50.445Z",
        "cover": "",
        "genres": [
            55
        ]
    }
},
{
    "model": "vinyl.album",
    "pk": 112,
    "fields": {
        "title": "Reload",
        "artist": 100,
        "year": 1997,
        "created_by": null,
        "created_at": "2026-05-25T14:50:50.448Z",
        "cover": "",
        "genres": [
            55
        ]
    }
},
{
    "model": "vinyl.album",
    "pk": 113,
    "fields": {
        "title": "The Joshua Tree",
        "artist": 131,
        "year": 1987,
        "created_by": null,
        "created_at": "2026-05-25T14:50:50.451Z",
        "cover": "",
        "genres": [
            52
        ]
    }
},
{
    "model": "vinyl.album",
    "pk": 114,
    "fields": {
        "title": "Achtung Baby",
        "artist": 131,
        "year": 1991,
        "created_by": null,
        "created_at": "2026-05-25T14:50:50.455Z",
        "cover": "",
        "genres": [
            57
        ]
    }
},
{
    "model": "vinyl.album",
    "pk": 115,
    "fields": {
        "title": "War",
        "artist": 131,
        "year": 1983,
        "created_by": null,
        "created_at": "2026-05-25T14:50:50.458Z",
        "cover": "",
        "genres": [
            52
        ]
    }
},
{
    "model": "vinyl.album",
    "pk": 116,
    "fields": {
        "title": "The Unforgettable Fire",
        "artist": 131,
        "year": 1984,
        "created_by": null,
        "created_at": "2026-05-25T14:50:50.462Z",
        "cover": "",
        "genres": [
            52
        ]
    }
},
{
    "model": "vinyl.album",
    "pk": 117,
    "fields": {
        "title": "Pablo Honey",
        "artist": 90,
        "year": 1993,
        "created_by": null,
        "created_at": "2026-05-25T14:50:50.465Z",
        "cover": "",
        "genres": [
            57
        ]
    }
},
{
    "model": "vinyl.album",
    "pk": 118,
    "fields": {
        "title": "Amnesiac",
        "artist": 90,
        "year": 2001,
        "created_by": null,
        "created_at": "2026-05-25T14:50:50.468Z",
        "cover": "",
        "genres": [
            57
        ]
    }
},
{
    "model": "vinyl.album",
    "pk": 119,
    "fields": {
        "title": "A Moon Shaped Pool",
        "artist": 90,
        "year": 2016,
        "created_by": null,
        "created_at": "2026-05-25T14:50:50.471Z",
        "cover": "",
        "genres": [
            57
        ]
    }
},
{
    "model": "vinyl.album",
    "pk": 120,
    "fields": {
        "title": "Gorillaz",
        "artist": 132,
        "year": 2001,
        "created_by": null,
        "created_at": "2026-05-25T14:50:50.475Z",
        "cover": "",
        "genres": [
            57
        ]
    }
},
{
    "model": "vinyl.album",
    "pk": 121,
    "fields": {
        "title": "Demon Days",
        "artist": 132,
        "year": 2005,
        "created_by": null,
        "created_at": "2026-05-25T14:50:50.478Z",
        "cover": "",
        "genres": [
            57
        ]
    }
},
{
    "model": "vinyl.album",
    "pk": 122,
    "fields": {
        "title": "Plastic Beach",
        "artist": 132,
        "year": 2010,
        "created_by": null,
        "created_at": "2026-05-25T14:50:50.482Z",
        "cover": "",
        "genres": [
            57
        ]
    }
},
{
    "model": "vinyl.album",
    "pk": 123,
    "fields": {
        "title": "Parklife",
        "artist": 133,
        "year": 1994,
        "created_by": null,
        "created_at": "2026-05-25T14:50:50.485Z",
        "cover": "",
        "genres": [
            76
        ]
    }
},
{
    "model": "vinyl.album",
    "pk": 124,
    "fields": {
        "title": "Blur",
        "artist": 133,
        "year": 1997,
        "created_by": null,
        "created_at": "2026-05-25T14:50:50.489Z",
        "cover": "",
        "genres": [
            57
        ]
    }
},
{
    "model": "vinyl.album",
    "pk": 125,
    "fields": {
        "title": "Urban Hymns",
        "artist": 134,
        "year": 1997,
        "created_by": null,
        "created_at": "2026-05-25T14:50:50.492Z",
        "cover": "",
        "genres": [
            76
        ]
    }
},
{
    "model": "vinyl.album",
    "pk": 126,
    "fields": {
        "title": "Automatic for the People",
        "artist": 135,
        "year": 1992,
        "created_by": null,
        "created_at": "2026-05-25T14:50:50.495Z",
        "cover": "",
        "genres": [
            57
        ]
    }
},
{
    "model": "vinyl.album",
    "pk": 127,
    "fields": {
        "title": "Out of Time",
        "artist": 135,
        "year": 1991,
        "created_by": null,
        "created_at": "2026-05-25T14:50:50.499Z",
        "cover": "",
        "genres": [
            57
        ]
    }
},
{
    "model": "vinyl.album",
    "pk": 128,
    "fields": {
        "title": "Monster",
        "artist": 135,
        "year": 1994,
        "created_by": null,
        "created_at": "2026-05-25T14:50:50.504Z",
        "cover": "",
        "genres": [
            57
        ]
    }
},
{
    "model": "vinyl.album",
    "pk": 129,
    "fields": {
        "title": "Hot Fuss",
        "artist": 136,
        "year": 2004,
        "created_by": null,
        "created_at": "2026-05-25T14:50:50.509Z",
        "cover": "",
        "genres": [
            65
        ]
    }
},
{
    "model": "vinyl.album",
    "pk": 130,
    "fields": {
        "title": "Sam's Town",
        "artist": 136,
        "year": 2006,
        "created_by": null,
        "created_at": "2026-05-25T14:50:50.512Z",
        "cover": "",
        "genres": [
            65
        ]
    }
},
{
    "model": "vinyl.album",
    "pk": 131,
    "fields": {
        "title": "Day & Age",
        "artist": 136,
        "year": 2008,
        "created_by": null,
        "created_at": "2026-05-25T14:50:50.516Z",
        "cover": "",
        "genres": [
            65
        ]
    }
},
{
    "model": "vinyl.album",
    "pk": 132,
    "fields": {
        "title": "Currents",
        "artist": 137,
        "year": 2015,
        "created_by": null,
        "created_at": "2026-05-25T14:50:50.519Z",
        "cover": "",
        "genres": [
            77
        ]
    }
},
{
    "model": "vinyl.album",
    "pk": 133,
    "fields": {
        "title": "Lonerism",
        "artist": 137,
        "year": 2012,
        "created_by": null,
        "created_at": "2026-05-25T14:50:50.522Z",
        "cover": "",
        "genres": [
            78
        ]
    }
},
{
    "model": "vinyl.album",
    "pk": 134,
    "fields": {
        "title": "Innerspeaker",
        "artist": 137,
        "year": 2010,
        "created_by": null,
        "created_at": "2026-05-25T14:50:50.525Z",
        "cover": "",
        "genres": [
            78
        ]
    }
},
{
    "model": "vinyl.album",
    "pk": 135,
    "fields": {
        "title": "Goodbye Yellow Brick Road",
        "artist": 138,
        "year": 1973,
        "created_by": null,
        "created_at": "2026-05-25T14:50:50.529Z",
        "cover": "",
        "genres": [
            67
        ]
    }
},
{
    "model": "vinyl.album",
    "pk": 136,
    "fields": {
        "title": "Songs in the Key of Life",
        "artist": 139,
        "year": 1976,
        "created_by": null,
        "created_at": "2026-05-25T14:50:50.532Z",
        "cover": "",
        "genres": [
            79
        ]
    }
},
{
    "model": "vinyl.album",
    "pk": 137,
    "fields": {
        "title": "Dirt",
        "artist": 140,
        "year": 1992,
        "created_by": null,
        "created_at": "2026-05-25T14:50:50.536Z",
        "cover": "",
        "genres": [
            56
        ]
    }
},
{
    "model": "vinyl.album",
    "pk": 138,
    "fields": {
        "title": "Facelift",
        "artist": 140,
        "year": 1990,
        "created_by": null,
        "created_at": "2026-05-25T14:50:50.539Z",
        "cover": "",
        "genres": [
            56
        ]
    }
},
{
    "model": "vinyl.album",
    "pk": 139,
    "fields": {
        "title": "Violator",
        "artist": 141,
        "year": 1990,
        "created_by": null,
        "created_at": "2026-05-25T14:50:50.542Z",
        "cover": "",
        "genres": [
            80
        ]
    }
},
{
    "model": "vinyl.album",
    "pk": 140,
    "fields": {
        "title": "Music for the Masses",
        "artist": 141,
        "year": 1987,
        "created_by": null,
        "created_at": "2026-05-25T14:50:50.546Z",
        "cover": "",
        "genres": [
            80
        ]
    }
},
{
    "model": "vinyl.album",
    "pk": 141,
    "fields": {
        "title": "The Downward Spiral",
        "artist": 142,
        "year": 1994,
        "created_by": null,
        "created_at": "2026-05-25T14:50:50.549Z",
        "cover": "",
        "genres": [
            81
        ]
    }
},
{
    "model": "vinyl.album",
    "pk": 142,
    "fields": {
        "title": "Pretty Hate Machine",
        "artist": 142,
        "year": 1989,
        "created_by": null,
        "created_at": "2026-05-25T14:50:50.553Z",
        "cover": "",
        "genres": [
            81
        ]
    }
},
{
    "model": "vinyl.album",
    "pk": 143,
    "fields": {
        "title": "Definitely Maybe",
        "artist": 143,
        "year": 1994,
        "created_by": null,
        "created_at": "2026-05-25T14:50:50.556Z",
        "cover": "",
        "genres": [
            76
        ]
    }
},
{
    "model": "vinyl.album",
    "pk": 144,
    "fields": {
        "title": "(What's the Story) Morning Glory?",
        "artist": 143,
        "year": 1995,
        "created_by": null,
        "created_at": "2026-05-25T14:50:50.560Z",
        "cover": "",
        "genres": [
            76
        ]
    }
},
{
    "model": "vinyl.album",
    "pk": 145,
    "fields": {
        "title": "The Queen Is Dead",
        "artist": 144,
        "year": 1986,
        "created_by": null,
        "created_at": "2026-05-25T14:50:50.563Z",
        "cover": "",
        "genres": [
            65
        ]
    }
},
{
    "model": "vinyl.album",
    "pk": 146,
    "fields": {
        "title": "Meat Is Murder",
        "artist": 144,
        "year": 1985,
        "created_by": null,
        "created_at": "2026-05-25T14:50:50.567Z",
        "cover": "",
        "genres": [
            65
        ]
    }
},
{
    "model": "vinyl.album",
    "pk": 147,
    "fields": {
        "title": "Unknown Pleasures",
        "artist": 145,
        "year": 1979,
        "created_by": null,
        "created_at": "2026-05-25T14:50:50.570Z",
        "cover": "",
        "genres": [
            82
        ]
    }
},
{
    "model": "vinyl.album",
    "pk": 148,
    "fields": {
        "title": "Closer",
        "artist": 145,
        "year": 1980,
        "created_by": null,
        "created_at": "2026-05-25T14:50:50.574Z",
        "cover": "",
        "genres": [
            82
        ]
    }
},
{
    "model": "vinyl.album",
    "pk": 149,
    "fields": {
        "title": "Tango in the Night",
        "artist": 86,
        "year": 1987,
        "created_by": null,
        "created_at": "2026-05-25T14:50:50.580Z",
        "cover": "",
        "genres": [
            52
        ]
    }
},
{
    "model": "vinyl.album",
    "pk": 150,
    "fields": {
        "title": "Highway to Hell",
        "artist": 85,
        "year": 1979,
        "created_by": null,
        "created_at": "2026-05-25T14:50:50.584Z",
        "cover": "",
        "genres": [
            55
        ]
    }
},
{
    "model": "vinyl.album",
    "pk": 151,
    "fields": {
        "title": "Led Zeppelin II",
        "artist": 92,
        "year": 1969,
        "created_by": null,
        "created_at": "2026-05-25T14:50:50.587Z",
        "cover": "",
        "genres": [
            55
        ]
    }
},
{
    "model": "vinyl.album",
    "pk": 152,
    "fields": {
        "title": "Physical Graffiti",
        "artist": 92,
        "year": 1975,
        "created_by": null,
        "created_at": "2026-05-25T14:50:50.591Z",
        "cover": "",
        "genres": [
            55
        ]
    }
},
{
    "model": "vinyl.album",
    "pk": 153,
    "fields": {
        "title": "A Night at the Opera",
        "artist": 146,
        "year": 1975,
        "created_by": null,
        "created_at": "2026-05-25T14:50:50.594Z",
        "cover": "",
        "genres": [
            52
        ]
    }
},
{
    "model": "vinyl.album",
    "pk": 154,
    "fields": {
        "title": "News of the World",
        "artist": 146,
        "year": 1977,
        "created_by": null,
        "created_at": "2026-05-25T14:50:50.597Z",
        "cover": "",
        "genres": [
            52
        ]
    }
},
{
    "model": "vinyl.album",
    "pk": 155,
    "fields": {
        "title": "Off the Wall",
        "artist": 84,
        "year": 1979,
        "created_by": null,
        "created_at": "2026-05-25T14:50:50.601Z",
        "cover": "",
        "genres": [
            54
        ]
    }
},
{
    "model": "vinyl.album",
    "pk": 156,
    "fields": {
        "title": "1999",
        "artist": 93,
        "year": 1982,
        "created_by": null,
        "created_at": "2026-05-25T14:50:50.604Z",
        "cover": "",
        "genres": [
            83
        ]
    }
},
{
    "model": "vinyl.album",
    "pk": 157,
    "fields": {
        "title": "Like a Virgin",
        "artist": 124,
        "year": 1984,
        "created_by": null,
        "created_at": "2026-05-25T14:50:50.607Z",
        "cover": "",
        "genres": [
            54
        ]
    }
},
{
    "model": "vinyl.album",
    "pk": 158,
    "fields": {
        "title": "Highway 61 Revisited",
        "artist": 147,
        "year": 1965,
        "created_by": null,
        "created_at": "2026-05-25T14:50:50.611Z",
        "cover": "",
        "genres": [
            68
        ]
    }
},
{
    "model": "vinyl.album",
    "pk": 159,
    "fields": {
        "title": "Blonde on Blonde",
        "artist": 147,
        "year": 1966,
        "created_by": null,
        "created_at": "2026-05-25T14:50:50.614Z",
        "cover": "",
        "genres": [
            68
        ]
    }
},
{
    "model": "vinyl.album",
    "pk": 160,
    "fields": {
        "title": "Elvis Presley",
        "artist": 148,
        "year": 1956,
        "created_by": null,
        "created_at": "2026-05-25T14:50:50.617Z",
        "cover": "",
        "genres": [
            84
        ]
    }
},
{
    "model": "vinyl.album",
    "pk": 161,
    "fields": {
        "title": "Blue Hawaii",
        "artist": 148,
        "year": 1961,
        "created_by": null,
        "created_at": "2026-05-25T14:50:50.621Z",
        "cover": "",
        "genres": [
            84
        ]
    }
},
{
    "model": "vinyl.album",
    "pk": 162,
    "fields": {
        "title": "Blood Sugar Sex Magik",
        "artist": 99,
        "year": 1991,
        "created_by": null,
        "created_at": "2026-05-25T14:50:50.624Z",
        "cover": "",
        "genres": [
            57
        ]
    }
},
{
    "model": "vinyl.album",
    "pk": 163,
    "fields": {
        "title": "Viva la Vida or Death and All His Friends",
        "artist": 101,
        "year": 2008,
        "created_by": null,
        "created_at": "2026-05-25T14:50:50.627Z",
        "cover": "",
        "genres": [
            57
        ]
    }
},
{
    "model": "vinyl.album",
    "pk": 164,
    "fields": {
        "title": "Section.80",
        "artist": 96,
        "year": 2011,
        "created_by": null,
        "created_at": "2026-05-25T14:50:50.631Z",
        "cover": "",
        "genres": [
            59
        ]
    }
},
{
    "model": "vinyl.album",
    "pk": 165,
    "fields": {
        "title": "Humbug",
        "artist": 109,
        "year": 2009,
        "created_by": null,
        "created_at": "2026-05-25T14:50:50.634Z",
        "cover": "",
        "genres": [
            65
        ]
    }
},
{
    "model": "vinyl.album",
    "pk": 166,
    "fields": {
        "title": "House of Balloons",
        "artist": 113,
        "year": 2011,
        "created_by": null,
        "created_at": "2026-05-25T14:50:50.638Z",
        "cover": "",
        "genres": [
            69
        ]
    }
},
{
    "model": "vinyl.album",
    "pk": 167,
    "fields": {
        "title": "Kiss Land",
        "artist": 113,
        "year": 2013,
        "created_by": null,
        "created_at": "2026-05-25T14:50:50.641Z",
        "cover": "",
        "genres": [
            69
        ]
    }
},
{
    "model": "vinyl.album",
    "pk": 168,
    "fields": {
        "title": "B'Day",
        "artist": 123,
        "year": 2006,
        "created_by": null,
        "created_at": "2026-05-25T14:50:50.645Z",
        "cover": "",
        "genres": [
            69
        ]
    }
},
{
    "model": "vinyl.album",
    "pk": 169,
    "fields": {
        "title": "Red",
        "artist": 95,
        "year": 2012,
        "created_by": null,
        "created_at": "2026-05-25T14:50:50.649Z",
        "cover": "",
        "genres": [
            54
        ]
    }
},
{
    "model": "vinyl.album",
    "pk": 170,
    "fields": {
        "title": "Reputation",
        "artist": 95,
        "year": 2017,
        "created_by": null,
        "created_at": "2026-05-25T14:50:50.655Z",
        "cover": "",
        "genres": [
            54
        ]
    }
},
{
    "model": "vinyl.album",
    "pk": 171,
    "fields": {
        "title": "Let It Bleed",
        "artist": 149,
        "year": 1969,
        "created_by": null,
        "created_at": "2026-05-25T14:50:50.658Z",
        "cover": "",
        "genres": [
            52
        ]
    }
},
{
    "model": "vinyl.album",
    "pk": 172,
    "fields": {
        "title": "Sticky Fingers",
        "artist": 149,
        "year": 1971,
        "created_by": null,
        "created_at": "2026-05-25T14:50:50.661Z",
        "cover": "",
        "genres": [
            52
        ]
    }
},
{
    "model": "vinyl.album",
    "pk": 173,
    "fields": {
        "title": "Exile on Main St.",
        "artist": 149,
        "year": 1972,
        "created_by": null,
        "created_at": "2026-05-25T14:50:50.665Z",
        "cover": "",
        "genres": [
            52
        ]
    }
},
{
    "model": "vinyl.album",
    "pk": 174,
    "fields": {
        "title": "Ten Summoner's Tales",
        "artist": 150,
        "year": 1993,
        "created_by": null,
        "created_at": "2026-05-25T14:50:50.668Z",
        "cover": "",
        "genres": [
            52
        ]
    }
},
{
    "model": "vinyl.album",
    "pk": 175,
    "fields": {
        "title": "Jagged Little Pill",
        "artist": 151,
        "year": 1995,
        "created_by": null,
        "created_at": "2026-05-25T14:50:50.672Z",
        "cover": "",
        "genres": [
            57
        ]
    }
},
{
    "model": "vinyl.album",
    "pk": 176,
    "fields": {
        "title": "Back to Black",
        "artist": 152,
        "year": 2006,
        "created_by": null,
        "created_at": "2026-05-25T14:50:50.675Z",
        "cover": "",
        "genres": [
            79
        ]
    }
},
{
    "model": "vinyl.album",
    "pk": 177,
    "fields": {
        "title": "Channel ORANGE",
        "artist": 122,
        "year": 2012,
        "created_by": null,
        "created_at": "2026-05-25T14:50:50.679Z",
        "cover": "",
        "genres": [
            69
        ]
    }
},
{
    "model": "vinyl.collection",
    "pk": 4,
    "fields": {
        "user": 2,
        "album": 3,
        "status": "owned",
        "rating": null,
        "condition": "NM"
    }
},
{
    "model": "vinyl.collection",
    "pk": 5,
    "fields": {
        "user": 2,
        "album": 5,
        "status": "owned",
        "rating": 7,
        "condition": "NM"
    }
},
{
    "model": "vinyl.collection",
    "pk": 12,
    "fields": {
        "user": 2,
        "album": 2,
        "status": "wishlist",
        "rating": 10,
        "condition": "M"
    }
},
{
    "model": "vinyl.collection",
    "pk": 13,
    "fields": {
        "user": 2,
        "album": 16,
        "status": "owned",
        "rating": null,
        "condition": "NM"
    }
},
{
    "model": "vinyl.collection",
    "pk": 14,
    "fields": {
        "user": 2,
        "album": 9,
        "status": "trade",
        "rating": null,
        "condition": "NM"
    }
},
{
    "model": "vinyl.collection",
    "pk": 15,
    "fields": {
        "user": 2,
        "album": 14,
        "status": "owned",
        "rating": null,
        "condition": "VG"
    }
},
{
    "model": "vinyl.user",
    "pk": 1,
    "fields": {
        "password": "pbkdf2_sha256$1200000$QDqH9lg3N4ZEv46DLx5BrT$QJSKN9R6g1sQWZ4RP5tPHfiw26vHV2tZmkqyRyvRjsQ=",
        "last_login": "2026-05-27T07:14:19.004Z",
        "is_superuser": true,
        "username": "admin.user",
        "first_name": "",
        "last_name": "",
        "email": "admin@admin.com",
        "is_staff": true,
        "is_active": true,
        "date_joined": "2026-05-26T09:32:12.362Z",
        "country": null,
        "groups": [],
        "user_permissions": []
    }
},
{
    "model": "vinyl.user",
    "pk": 2,
    "fields": {
        "password": "pbkdf2_sha256$1200000$jrNCrTdSPcfXrbkTLI6lj5$cac4ibM6To2KIZvpZcVaaOVjY4F7222dbBg4LlO+p9Q=",
        "last_login": "2026-05-27T07:25:28.997Z",
        "is_superuser": false,
        "username": "admin.user2",
        "first_name": "",
        "last_name": "",
        "email": "",
        "is_staff": false,
        "is_active": true,
        "date_joined": "2026-05-27T07:25:14.136Z",
        "country": "Ukraine",
        "groups": [],
        "user_permissions": []
    }
}
]
